model	field	ref_count
Tenant	id	8922
Tenant	name	4672
Tenant	slug	1154
Tenant	plan	279
Tenant	planExpiresAt	32
Tenant	isActive	524
Tenant	isTrial	28
Tenant	trialEndsAt	37
Tenant	subscriptionStatus	79
Tenant	settings	306
Tenant	customMaxUsers	23
Tenant	customMaxProducts	20
Tenant	customMaxLocations	20
Tenant	customMaxMembers	19
Tenant	customMaxCustomers	20
Tenant	createdAt	643
Tenant	updatedAt	216
Tenant	users	265
Tenant	passwordResetRequests	0
Tenant	categories	362
Tenant	products	1105
Tenant	discountTypes	22
Tenant	vendors	99
Tenant	locations	280
Tenant	transfers	123
Tenant	members	218
Tenant	sales	521
Tenant	promoCodes	10
Tenant	auditLogs	35
Tenant	errorReports	0
Tenant	subscriptions	15
Tenant	payments	161
Tenant	attributeTypes	27
Tenant	productVariations	30
Tenant	productTags	0
Tenant	companies	81
Tenant	contactTags	0
Tenant	contacts	168
Tenant	leads	78
Tenant	pipelines	134
Tenant	pipelineWorkflows	0
Tenant	workflowRuns	0
Tenant	automationDefinitions	0
Tenant	automationEvents	0
Tenant	automationRuns	0
Tenant	automationDelayedRuns	0
Tenant	workItems	0
Tenant	inventorySignals	0
Tenant	deals	181
Tenant	tasks	122
Tenant	activities	71
Tenant	crmSources	0
Tenant	crmJourneyTypes	0
Tenant	remarketingSequences	0
Tenant	messagingChannels	0
Tenant	conversations	52
Tenant	mediaAssets	0
Tenant	domains	145
Tenant	siteConfig	132
Tenant	publicApiKeys	0
Tenant	blogPosts	0
Tenant	blogCategories	0
Tenant	tenantPages	0
Tenant	siteLayouts	0
Tenant	navMenus	2
Tenant	siteSnippets	0
Tenant	blockComments	0
Tenant	collections	90
Tenant	websiteOrders	0
Tenant	abandonedCarts	0
Tenant	formSubmissions	0
Tenant	pageTranslations	0
Tenant	productReviews	0
Tenant	bundles	80
Tenant	giftCards	4
Tenant	rbacRoles	0
Tenant	userRoles	6
Tenant	resources	43
Tenant	permissionOverwrites	0
Tenant	businessProfile	35
Tenant	tenantRedirects	0
TenantDomain	id	8922
TenantDomain	tenantId	4863
TenantDomain	hostname	209
TenantDomain	appType	137
TenantDomain	isPrimary	110
TenantDomain	verifyToken	25
TenantDomain	verifiedAt	65
TenantDomain	tlsStatus	6
TenantDomain	tlsLastError	6
TenantDomain	createdAt	643
TenantDomain	updatedAt	216
TenantDomain	tenant	1732
TenantDomain	publicApiKeys	0
TenantApiKey	id	8922
TenantApiKey	tenantId	4863
TenantApiKey	tenantDomainId	46
TenantApiKey	name	4672
TenantApiKey	prefix	104
TenantApiKey	hash	44
TenantApiKey	last4	20
TenantApiKey	scopes	47
TenantApiKey	rateLimitPerMin	34
TenantApiKey	createdAt	643
TenantApiKey	lastUsedAt	13
TenantApiKey	revokedAt	30
TenantApiKey	tenant	1732
TenantApiKey	tenantDomain	50
SiteConfig	id	8922
SiteConfig	tenantId	4863
SiteConfig	websiteEnabled	139
SiteConfig	templateId	44
SiteConfig	branding	192
SiteConfig	contact	803
SiteConfig	features	668
SiteConfig	seo	88
SiteConfig	themeTokens	33
SiteConfig	locales	15
SiteConfig	defaultLocale	9
SiteConfig	currency	143
SiteConfig	analytics	427
SiteConfig	isPublished	130
SiteConfig	createdAt	643
SiteConfig	updatedAt	216
SiteConfig	tenant	1732
SiteConfig	template	523
SiteTemplate	id	8922
SiteTemplate	slug	1154
SiteTemplate	name	4672
SiteTemplate	description	2284
SiteTemplate	category	915
SiteTemplate	previewImageUrl	21
SiteTemplate	defaultBranding	34
SiteTemplate	defaultSections	27
SiteTemplate	defaultPages	20
SiteTemplate	isActive	524
SiteTemplate	sortOrder	356
SiteTemplate	createdAt	643
SiteTemplate	updatedAt	216
SiteTemplate	siteConfigs	3
BlogCategory	id	8922
BlogCategory	tenantId	4863
BlogCategory	slug	1154
BlogCategory	name	4672
BlogCategory	description	2284
BlogCategory	sortOrder	356
BlogCategory	createdAt	643
BlogCategory	updatedAt	216
BlogCategory	tenant	1732
BlogCategory	posts	207
BlogPost	id	8922
BlogPost	tenantId	4863
BlogPost	slug	1154
BlogPost	title	1693
BlogPost	excerpt	54
BlogPost	bodyMarkdown	136
BlogPost	body	1479
BlogPost	scheduledPublishAt	51
BlogPost	heroImageUrl	47
BlogPost	coverImageUrl	44
BlogPost	icon	426
BlogPost	authorName	46
BlogPost	status	2975
BlogPost	reviewStatus	47
BlogPost	publishedAt	50
BlogPost	categoryId	388
BlogPost	tags	665
BlogPost	seoTitle	72
BlogPost	seoDescription	73
BlogPost	readingMinutes	25
BlogPost	createdAt	643
BlogPost	updatedAt	216
BlogPost	tenant	1732
BlogPost	category	915
BlogPost	versions	50
BlogPostVersion	id	8922
BlogPostVersion	blogPostId	9
BlogPostVersion	tenantId	4863
BlogPostVersion	snapshot	70
BlogPostVersion	editorId	47
BlogPostVersion	note	94
BlogPostVersion	createdAt	643
BlogPostVersion	blogPost	25
TenantPage	id	8922
TenantPage	tenantId	4863
TenantPage	slug	1154
TenantPage	title	1693
TenantPage	bodyMarkdown	136
TenantPage	body	1479
TenantPage	scheduledPublishAt	51
TenantPage	layoutVariant	44
TenantPage	showInNav	32
TenantPage	navOrder	46
TenantPage	isPublished	130
TenantPage	reviewStatus	47
TenantPage	coverImageUrl	44
TenantPage	icon	426
TenantPage	isLandingPage	4
TenantPage	parentId	50
TenantPage	seoTitle	72
TenantPage	seoDescription	73
TenantPage	createdAt	643
TenantPage	updatedAt	216
TenantPage	tenant	1732
TenantPage	parent	192
TenantPage	children	536
TenantPage	siteLayouts	0
TenantPage	translations	0
TenantPage	versions	50
TenantPageVersion	id	8922
TenantPageVersion	tenantPageId	7
TenantPageVersion	tenantId	4863
TenantPageVersion	snapshot	70
TenantPageVersion	editorId	47
TenantPageVersion	note	94
TenantPageVersion	createdAt	643
TenantPageVersion	page	2170
TenantPageTranslation	id	8922
TenantPageTranslation	tenantId	4863
TenantPageTranslation	pageId	285
TenantPageTranslation	locale	38
TenantPageTranslation	title	1693
TenantPageTranslation	bodyMarkdown	136
TenantPageTranslation	blocks	711
TenantPageTranslation	seoTitle	72
TenantPageTranslation	seoDescription	73
TenantPageTranslation	createdAt	643
TenantPageTranslation	updatedAt	216
TenantPageTranslation	tenant	1732
TenantPageTranslation	page	2170
SiteLayout	id	8922
SiteLayout	tenantId	4863
SiteLayout	scope	506
SiteLayout	pageId	285
SiteLayout	blocks	711
SiteLayout	draftBlocks	35
SiteLayout	version	122
SiteLayout	createdAt	643
SiteLayout	updatedAt	216
SiteLayout	tenant	1732
SiteLayout	page	2170
SiteLayout	versions	50
SiteLayoutVersion	id	8922
SiteLayoutVersion	siteLayoutId	8
SiteLayoutVersion	tenantId	4863
SiteLayoutVersion	snapshot	70
SiteLayoutVersion	editorId	47
SiteLayoutVersion	note	94
SiteLayoutVersion	createdAt	643
SiteLayoutVersion	siteLayout	18
BlockComment	id	8922
BlockComment	tenantId	4863
BlockComment	recordType	41
BlockComment	recordId	48
BlockComment	blockId	71
BlockComment	body	1479
BlockComment	authorId	8
BlockComment	parentId	50
BlockComment	resolvedAt	13
BlockComment	resolvedBy	5
BlockComment	createdAt	643
BlockComment	updatedAt	216
BlockComment	tenant	1732
BlockComment	author	42
BlockComment	parent	192
BlockComment	replies	3
SiteSnippet	id	8922
SiteSnippet	tenantId	4863
SiteSnippet	slug	1154
SiteSnippet	title	1693
SiteSnippet	category	915
SiteSnippet	body	1479
SiteSnippet	createdAt	643
SiteSnippet	updatedAt	216
SiteSnippet	tenant	1732
TenantRedirect	id	8922
TenantRedirect	tenantId	4863
TenantRedirect	fromPath	90
TenantRedirect	toPath	85
TenantRedirect	statusCode	771
TenantRedirect	isActive	524
TenantRedirect	createdAt	643
TenantRedirect	updatedAt	216
TenantRedirect	tenant	1732
Collection	id	8922
Collection	tenantId	4863
Collection	slug	1154
Collection	title	1693
Collection	subtitle	179
Collection	sort	212
Collection	isActive	524
Collection	createdAt	643
Collection	updatedAt	216
Collection	tenant	1732
Collection	products	1105
ProductCollection	collectionId	9
ProductCollection	productId	485
ProductCollection	position	169
ProductCollection	createdAt	643
ProductCollection	collection	147
ProductCollection	product	1686
NavMenu	id	8922
NavMenu	tenantId	4863
NavMenu	slot	489
NavMenu	items	2229
NavMenu	createdAt	643
NavMenu	updatedAt	216
NavMenu	tenant	1732
FormSubmission	id	8922
FormSubmission	tenantId	4863
FormSubmission	fields	224
FormSubmission	submitTo	21
FormSubmission	leadId	19
FormSubmission	createdAt	643
FormSubmission	deliveredAt	7
FormSubmission	lastError	6
FormSubmission	attemptCount	3
FormSubmission	tenant	1732
PlanLimit	id	8922
PlanLimit	tier	184
PlanLimit	maxUsers	37
PlanLimit	maxProducts	35
PlanLimit	maxLocations	35
PlanLimit	maxMembers	34
PlanLimit	maxCustomers	40
PlanLimit	bulkUpload	61
PlanLimit	analytics	427
PlanLimit	promoManagement	35
PlanLimit	auditLogs	35
PlanLimit	apiAccess	31
PlanLimit	salesPipeline	43
PlanLimit	messaging	162
PlanLimit	createdAt	643
PlanLimit	updatedAt	216
PricingPlan	id	8922
PricingPlan	tier	184
PricingPlan	billingCycle	65
PricingPlan	price	173
PricingPlan	originalPrice	15
PricingPlan	isActive	524
PricingPlan	createdAt	643
PricingPlan	updatedAt	216
Subscription	id	8922
Subscription	tenantId	4863
Subscription	plan	279
Subscription	billingCycle	65
Subscription	status	2975
Subscription	currentPeriodStart	11
Subscription	currentPeriodEnd	11
Subscription	trialEndsAt	37
Subscription	gracePeriodEnd	9
Subscription	cancelledAt	5
Subscription	createdAt	643
Subscription	updatedAt	216
Subscription	tenant	1732
Subscription	payments	161
TenantPayment	id	8922
TenantPayment	tenantId	4863
TenantPayment	subscriptionId	26
TenantPayment	amount	275
TenantPayment	currency	143
TenantPayment	gateway	10
TenantPayment	gatewayTxnId	9
TenantPayment	gatewayResponse	9
TenantPayment	status	2975
TenantPayment	paidFor	5
TenantPayment	billingCycle	65
TenantPayment	periodStart	14
TenantPayment	periodEnd	22
TenantPayment	verifiedAt	65
TenantPayment	verifiedBy	9
TenantPayment	notes	260
TenantPayment	createdAt	643
TenantPayment	updatedAt	216
TenantPayment	tenant	1732
TenantPayment	subscription	47
User	id	8922
User	tenantId	4863
User	username	559
User	password	537
User	role	1006
User	lastLoginAt	7
User	createdAt	643
User	updatedAt	216
User	tenant	1732
User	passwordResetRequestsRequested	0
User	passwordResetRequestsHandled	0
User	productsCreated	0
User	transfersCreated	0
User	transfersApproved	0
User	transferLogs	0
User	salesCreated	0
User	salesDeleted	0
User	salesEdited	0
User	saleItemsApprovedForDiscount	0
User	websiteOrdersVerified	0
User	websiteOrdersRejected	0
User	websiteOrdersConverted	0
User	auditLogs	35
User	errorReports	0
User	blockComments	0
User	assignedLeads	0
User	assignedDeals	0
User	assignedTasks	0
User	automationDefinitionsCreated	0
User	automationDefinitionsUpdated	0
User	automationEventsTriggered	0
User	automationRunsStarted	0
User	workItemsAssigned	0
User	workItemsCreated	0
User	workItemsCompleted	0
User	inventorySignalsDetected	0
User	contactNotes	0
User	contactCommunications	0
User	contactAttachments	0
User	notifications	77
User	ownedContacts	0
User	createdContacts	0
User	activitiesCreated	0
User	dealsCreated	0
User	dealsEdited	0
User	leadsCreated	0
User	mediaAssetsUploaded	0
User	assignedConversations	0
User	sentMessages	0
User	messageReactions	0
User	userRoles	6
User	overwrites	75
PasswordResetRequest	id	8922
PasswordResetRequest	tenantId	4863
PasswordResetRequest	requestedById	6
PasswordResetRequest	status	2975
PasswordResetRequest	handledById	16
PasswordResetRequest	handledAt	2
PasswordResetRequest	createdAt	643
PasswordResetRequest	updatedAt	216
PasswordResetRequest	tenant	1732
PasswordResetRequest	requestedBy	25
PasswordResetRequest	handledBy	0
Category	id	8922
Category	tenantId	4863
Category	name	4672
Category	description	2284
Category	deletedAt	254
Category	deletedBy	71
Category	deleteReason	105
Category	createdAt	643
Category	updatedAt	216
Category	tenant	1732
Category	products	1105
Category	subCategories	34
SubCategory	id	8922
SubCategory	name	4672
SubCategory	categoryId	388
SubCategory	deletedAt	254
SubCategory	deletedBy	71
SubCategory	deleteReason	105
SubCategory	createdAt	643
SubCategory	updatedAt	216
SubCategory	category	915
SubCategory	products	1105
Product	id	8922
Product	tenantId	4863
Product	imsCode	293
Product	name	4672
Product	categoryId	388
Product	subCategory	173
Product	subCategoryId	50
Product	description	2284
Product	length	1565
Product	breadth	56
Product	height	372
Product	weight	68
Product	costPrice	191
Product	mrp	266
Product	finalSp	146
Product	vendorId	188
Product	createdById	188
Product	dateCreated	63
Product	dateModified	3
Product	deletedAt	254
Product	deletedBy	71
Product	deleteReason	105
Product	tenant	1732
Product	category	915
Product	createdBy	27
Product	vendor	243
Product	subCategoryRel	0
Product	variations	278
Product	discounts	223
Product	promoCodes	10
Product	productAttributeTypes	9
Product	dealLineItems	0
Product	collections	90
Product	reviews	130
Product	tagLinks	26
ProductTag	id	8922
ProductTag	tenantId	4863
ProductTag	name	4672
ProductTag	createdAt	643
ProductTag	tenant	1732
ProductTag	products	1105
ProductTagLink	productId	485
ProductTagLink	tagId	57
ProductTagLink	product	1686
ProductTagLink	tag	277
AttributeType	id	8922
AttributeType	tenantId	4863
AttributeType	name	4672
AttributeType	code	871
AttributeType	displayOrder	69
AttributeType	createdAt	643
AttributeType	updatedAt	216
AttributeType	tenant	1732
AttributeType	values	569
AttributeType	productAttributeTypes	9
AttributeType	variationAttributes	0
AttributeValue	id	8922
AttributeValue	attributeTypeId	80
AttributeValue	value	3309
AttributeValue	code	871
AttributeValue	displayOrder	69
AttributeValue	createdAt	643
AttributeValue	updatedAt	216
AttributeValue	attributeType	100
AttributeValue	productVariationAttributes	0
ProductAttributeType	productId	485
ProductAttributeType	attributeTypeId	80
ProductAttributeType	displayOrder	69
ProductAttributeType	product	1686
ProductAttributeType	attributeType	100
ProductVariation	id	8922
ProductVariation	tenantId	4863
ProductVariation	productId	485
ProductVariation	costPriceOverride	9
ProductVariation	mrpOverride	16
ProductVariation	finalSpOverride	19
ProductVariation	isActive	524
ProductVariation	stockQuantity	117
ProductVariation	lowStockThreshold	7
ProductVariation	createdAt	643
ProductVariation	updatedAt	216
ProductVariation	tenant	1732
ProductVariation	product	1686
ProductVariation	attributes	153
ProductVariation	subVariations	46
ProductVariation	photos	119
ProductVariation	locationInventory	85
ProductVariation	inventorySignals	0
ProductVariation	transferItems	4
ProductVariation	saleItems	31
ProductVariation	dealLineItems	0
ProductVariationAttribute	variationId	514
ProductVariationAttribute	attributeTypeId	80
ProductVariationAttribute	attributeValueId	58
ProductVariationAttribute	variation	468
ProductVariationAttribute	attributeType	100
ProductVariationAttribute	attributeValue	75
ProductSubVariation	id	8922
ProductSubVariation	variationId	514
ProductSubVariation	name	4672
ProductSubVariation	lowStockThreshold	7
ProductSubVariation	createdAt	643
ProductSubVariation	updatedAt	216
ProductSubVariation	variation	468
ProductSubVariation	locationInventory	85
ProductSubVariation	inventorySignals	0
ProductSubVariation	transferItems	4
ProductSubVariation	saleItems	31
VariationPhoto	id	8922
VariationPhoto	variationId	514
VariationPhoto	photoUrl	83
VariationPhoto	isPrimary	110
VariationPhoto	uploadDate	2
VariationPhoto	variation	468
ProductReview	id	8922
ProductReview	tenantId	4863
ProductReview	productId	485
ProductReview	rating	88
ProductReview	body	1479
ProductReview	authorName	46
ProductReview	authorEmail	11
ProductReview	submittedIp	5
ProductReview	status	2975
ProductReview	createdAt	643
ProductReview	updatedAt	216
ProductReview	deletedAt	254
ProductReview	tenant	1732
ProductReview	product	1686
DiscountType	id	8922
DiscountType	tenantId	4863
DiscountType	name	4672
DiscountType	description	2284
DiscountType	defaultPercentage	28
DiscountType	createdAt	643
DiscountType	updatedAt	216
DiscountType	tenant	1732
DiscountType	productDiscounts	9
ProductDiscount	id	8922
ProductDiscount	productId	485
ProductDiscount	discountTypeId	78
ProductDiscount	discountPercentage	68
ProductDiscount	valueType	96
ProductDiscount	value	3309
ProductDiscount	startDate	156
ProductDiscount	endDate	153
ProductDiscount	isActive	524
ProductDiscount	createdAt	643
ProductDiscount	updatedAt	216
ProductDiscount	product	1686
ProductDiscount	discountType	84
Vendor	id	8922
Vendor	tenantId	4863
Vendor	name	4672
Vendor	contact	803
Vendor	phone	677
Vendor	address	228
Vendor	deletedAt	254
Vendor	deletedBy	71
Vendor	deleteReason	105
Vendor	createdAt	643
Vendor	updatedAt	216
Vendor	tenant	1732
Vendor	products	1105
Location	id	8922
Location	tenantId	4863
Location	name	4672
Location	type	5892
Location	address	228
Location	isActive	524
Location	isDefaultWarehouse	63
Location	deletedAt	254
Location	deletedBy	71
Location	deleteReason	105
Location	createdAt	643
Location	updatedAt	216
Location	tenant	1732
Location	inventory	324
Location	inventorySignals	0
Location	recommendedForSignals	0
Location	transfersFrom	6
Location	transfersTo	6
Location	sales	521
LocationInventory	id	8922
LocationInventory	locationId	608
LocationInventory	variationId	514
LocationInventory	subVariationId	287
LocationInventory	quantity	718
LocationInventory	createdAt	643
LocationInventory	updatedAt	216
LocationInventory	location	649
LocationInventory	variation	468
LocationInventory	subVariation	60
InventorySignal	id	8922
InventorySignal	tenantId	4863
InventorySignal	locationId	608
InventorySignal	variationId	514
InventorySignal	subVariationId	287
InventorySignal	status	2975
InventorySignal	threshold	44
InventorySignal	currentQuantity	18
InventorySignal	recommendedSourceLocationId	3
InventorySignal	detectedById	3
InventorySignal	metadata	123
InventorySignal	detectedAt	0
InventorySignal	resolvedAt	13
InventorySignal	createdAt	643
InventorySignal	updatedAt	216
InventorySignal	tenant	1732
InventorySignal	location	649
InventorySignal	variation	468
InventorySignal	subVariation	60
InventorySignal	recommendedSourceLocation	2
InventorySignal	detectedBy	0
InventorySignal	workItemLinks	0
InventorySignal	transfers	123
Transfer	id	8922
Transfer	tenantId	4863
Transfer	transferCode	43
Transfer	fromLocationId	95
Transfer	toLocationId	81
Transfer	status	2975
Transfer	notes	260
Transfer	createdById	188
Transfer	approvedById	5
Transfer	sourceInventorySignalId	7
Transfer	automationRunId	13
Transfer	createdAt	643
Transfer	approvedAt	9
Transfer	completedAt	46
Transfer	tenant	1732
Transfer	fromLocation	16
Transfer	toLocation	16
Transfer	createdBy	27
Transfer	approvedBy	6
Transfer	sourceInventorySignal	0
Transfer	automationRun	7
Transfer	items	2229
Transfer	logs	85
TransferItem	id	8922
TransferItem	transferId	27
TransferItem	variationId	514
TransferItem	subVariationId	287
TransferItem	quantity	718
TransferItem	transfer	389
TransferItem	variation	468
TransferItem	subVariation	60
TransferLog	id	8922
TransferLog	transferId	27
TransferLog	action	706
TransferLog	details	188
TransferLog	userId	1018
TransferLog	createdAt	643
TransferLog	transfer	389
TransferLog	user	1335
Member	id	8922
Member	tenantId	4863
Member	phone	677
Member	name	4672
Member	email	371
Member	notes	260
Member	isActive	524
Member	gender	31
Member	age	32
Member	address	228
Member	birthday	20
Member	totalSales	38
Member	memberStatus	41
Member	memberSince	27
Member	firstPurchase	7
Member	deletedAt	254
Member	deletedBy	71
Member	deleteReason	105
Member	createdAt	643
Member	updatedAt	216
Member	tenant	1732
Member	sales	521
Member	contact	803
Member	deals	181
Member	tasks	122
Member	activities	71
Sale	id	8922
Sale	tenantId	4863
Sale	saleCode	103
Sale	type	5892
Sale	isCreditSale	121
Sale	locationId	608
Sale	memberId	148
Sale	contactId	470
Sale	subtotal	180
Sale	discount	443
Sale	promoDiscount	34
Sale	total	493
Sale	notes	260
Sale	promoCodesUsed	27
Sale	createdById	188
Sale	createdAt	643
Sale	deletedAt	254
Sale	deletedById	2
Sale	deleteReason	105
Sale	parentSaleId	8
Sale	revisionNo	28
Sale	isLatest	65
Sale	editReason	38
Sale	editedById	7
Sale	editedAt	11
Sale	tenant	1732
Sale	location	649
Sale	member	508
Sale	contact	803
Sale	createdBy	27
Sale	deletedBy	71
Sale	editedBy	3
Sale	parentSale	0
Sale	revisions	0
Sale	items	2229
Sale	payments	161
Sale	websiteOrder	8
SaleItem	id	8922
SaleItem	saleId	144
SaleItem	variationId	514
SaleItem	subVariationId	287
SaleItem	quantity	718
SaleItem	unitPrice	148
SaleItem	totalMrp	32
SaleItem	discountPercent	93
SaleItem	discountAmount	47
SaleItem	lineTotal	93
SaleItem	manualDiscountPercent	45
SaleItem	manualDiscountAmount	43
SaleItem	discountApprovedById	9
SaleItem	discountReason	39
SaleItem	sale	770
SaleItem	variation	468
SaleItem	subVariation	60
SaleItem	discountApprovedBy	0
SalePayment	id	8922
SalePayment	saleId	144
SalePayment	method	319
SalePayment	amount	275
SalePayment	createdAt	643
SalePayment	sale	770
WebsiteOrder	id	8922
WebsiteOrder	tenantId	4863
WebsiteOrder	orderCode	68
WebsiteOrder	status	2975
WebsiteOrder	customerName	57
WebsiteOrder	customerPhone	57
WebsiteOrder	customerEmail	42
WebsiteOrder	customerNote	24
WebsiteOrder	items	2229
WebsiteOrder	subtotal	180
WebsiteOrder	currency	143
WebsiteOrder	sourceIp	7
WebsiteOrder	sourceUserAgent	7
WebsiteOrder	verifiedAt	65
WebsiteOrder	verifiedById	4
WebsiteOrder	rejectedAt	10
WebsiteOrder	rejectedById	4
WebsiteOrder	rejectionReason	15
WebsiteOrder	convertedAt	13
WebsiteOrder	convertedById	4
WebsiteOrder	convertedSaleId	12
WebsiteOrder	createdAt	643
WebsiteOrder	updatedAt	216
WebsiteOrder	tenant	1732
WebsiteOrder	verifier	4
WebsiteOrder	rejecter	1
WebsiteOrder	converter	1
WebsiteOrder	sale	770
AbandonedCart	id	8922
AbandonedCart	tenantId	4863
AbandonedCart	sessionKey	21
AbandonedCart	items	2229
AbandonedCart	subtotal	180
AbandonedCart	currency	143
AbandonedCart	customerName	57
AbandonedCart	customerPhone	57
AbandonedCart	customerEmail	42
AbandonedCart	lastActivityAt	14
AbandonedCart	notifiedAt	16
AbandonedCart	createdAt	643
AbandonedCart	updatedAt	216
AbandonedCart	tenant	1732
PromoCode	id	8922
PromoCode	tenantId	4863
PromoCode	code	871
PromoCode	description	2284
PromoCode	valueType	96
PromoCode	value	3309
PromoCode	overrideDiscounts	29
PromoCode	allowStacking	29
PromoCode	eligibility	45
PromoCode	validFrom	36
PromoCode	validTo	33
PromoCode	usageLimit	36
PromoCode	usageCount	21
PromoCode	isActive	524
PromoCode	deletedAt	254
PromoCode	deletedBy	71
PromoCode	deleteReason	105
PromoCode	createdAt	643
PromoCode	updatedAt	216
PromoCode	tenant	1732
PromoCode	products	1105
PromoCodeProduct	id	8922
PromoCodeProduct	promoCodeId	5
PromoCodeProduct	productId	485
PromoCodeProduct	promoCode	70
PromoCodeProduct	product	1686
AuditLog	id	8922
AuditLog	tenantId	4863
AuditLog	userId	1018
AuditLog	action	706
AuditLog	resource	190
AuditLog	resourceId	296
AuditLog	details	188
AuditLog	ip	119
AuditLog	userAgent	102
AuditLog	createdAt	643
AuditLog	tenant	1732
AuditLog	user	1335
ErrorReport	id	8922
ErrorReport	tenantId	4863
ErrorReport	userId	1018
ErrorReport	title	1693
ErrorReport	description	2284
ErrorReport	pageUrl	22
ErrorReport	status	2975
ErrorReport	createdAt	643
ErrorReport	tenant	1732
ErrorReport	user	1335
Company	id	8922
Company	tenantId	4863
Company	name	4672
Company	website	309
Company	address	228
Company	phone	677
Company	deletedAt	254
Company	deletedBy	71
Company	deleteReason	105
Company	createdAt	643
Company	updatedAt	216
Company	tenant	1732
Company	contacts	168
Company	deals	181
Company	tasks	122
ContactTag	id	8922
ContactTag	tenantId	4863
ContactTag	name	4672
ContactTag	createdAt	643
ContactTag	tenant	1732
ContactTag	contacts	168
ContactTagLink	contactId	470
ContactTagLink	tagId	57
ContactTagLink	contact	803
ContactTagLink	tag	277
Contact	id	8922
Contact	tenantId	4863
Contact	firstName	130
Contact	lastName	107
Contact	email	371
Contact	phone	677
Contact	gender	31
Contact	birthDate	18
Contact	companyId	111
Contact	memberId	148
Contact	ownedById	14
Contact	createdById	188
Contact	source	394
Contact	journeyType	46
Contact	purchaseCount	80
Contact	deletedAt	254
Contact	deletedBy	71
Contact	deleteReason	105
Contact	createdAt	643
Contact	updatedAt	216
Contact	tenant	1732
Contact	company	206
Contact	member	508
Contact	owner	19
Contact	creator	27
Contact	tagLinks	26
Contact	notes	260
Contact	attachments	20
Contact	communications	12
Contact	deals	181
Contact	tasks	122
Contact	activities	71
Contact	sales	521
Contact	remarketingSequences	0
Contact	conversations	52
ContactNote	id	8922
ContactNote	contactId	470
ContactNote	content	580
ContactNote	createdById	188
ContactNote	createdAt	643
ContactNote	contact	803
ContactNote	creator	27
ContactAttachment	id	8922
ContactAttachment	contactId	470
ContactAttachment	fileName	127
ContactAttachment	filePath	27
ContactAttachment	storageKey	81
ContactAttachment	publicUrl	71
ContactAttachment	fileSize	13
ContactAttachment	mimeType	67
ContactAttachment	uploadedById	7
ContactAttachment	createdAt	643
ContactAttachment	mediaAssetId	31
ContactAttachment	contact	803
ContactAttachment	uploader	5
ContactAttachment	mediaAsset	10
MediaAsset	id	8922
MediaAsset	tenantId	4863
MediaAsset	storageKey	81
MediaAsset	publicUrl	71
MediaAsset	fileName	127
MediaAsset	mimeType	67
MediaAsset	byteSize	12
MediaAsset	purpose	80
MediaAsset	uploadedById	7
MediaAsset	createdAt	643
MediaAsset	deletedAt	254
MediaAsset	tenant	1732
MediaAsset	uploader	5
MediaAsset	contactAttachments	0
MediaAsset	messages	92
ContactCommunication	id	8922
ContactCommunication	contactId	470
ContactCommunication	type	5892
ContactCommunication	subject	85
ContactCommunication	notes	260
ContactCommunication	createdById	188
ContactCommunication	createdAt	643
ContactCommunication	contact	803
ContactCommunication	creator	27
Lead	id	8922
Lead	tenantId	4863
Lead	name	4672
Lead	email	371
Lead	phone	677
Lead	companyName	36
Lead	status	2975
Lead	source	394
Lead	notes	260
Lead	assignedToId	220
Lead	createdById	188
Lead	convertedAt	13
Lead	deletedAt	254
Lead	deletedBy	71
Lead	deleteReason	105
Lead	createdAt	643
Lead	updatedAt	216
Lead	tenant	1732
Lead	assignedTo	30
Lead	creator	27
Lead	convertedDeal	2
Pipeline	id	8922
Pipeline	tenantId	4863
Pipeline	name	4672
Pipeline	type	5892
Pipeline	stages	215
Pipeline	closedWonStageName	47
Pipeline	closedLostStageName	46
Pipeline	isDefault	59
Pipeline	deletedAt	254
Pipeline	deletedBy	71
Pipeline	deleteReason	105
Pipeline	createdAt	643
Pipeline	updatedAt	216
Pipeline	tenant	1732
Pipeline	deals	181
Pipeline	pipelineWorkflows	0
PipelineWorkflow	id	8922
PipelineWorkflow	tenantId	4863
PipelineWorkflow	pipelineId	304
PipelineWorkflow	name	4672
PipelineWorkflow	description	2284
PipelineWorkflow	isActive	524
PipelineWorkflow	templateKey	67
PipelineWorkflow	templateVersion	6
PipelineWorkflow	origin	108
PipelineWorkflow	version	122
PipelineWorkflow	publishedAt	50
PipelineWorkflow	lastRunAt	4
PipelineWorkflow	lastErrorAt	2
PipelineWorkflow	runCount	5
PipelineWorkflow	failureCount	3
PipelineWorkflow	createdAt	643
PipelineWorkflow	updatedAt	216
PipelineWorkflow	tenant	1732
PipelineWorkflow	pipeline	470
PipelineWorkflow	rules	200
PipelineWorkflow	workflowRuns	0
WorkflowRule	id	8922
WorkflowRule	workflowId	39
WorkflowRule	trigger	327
WorkflowRule	triggerStageId	85
WorkflowRule	action	706
WorkflowRule	actionConfig	310
WorkflowRule	ruleOrder	53
WorkflowRule	createdAt	643
WorkflowRule	updatedAt	216
WorkflowRule	workflow	279
WorkflowRun	id	8922
WorkflowRun	tenantId	4863
WorkflowRun	workflowId	39
WorkflowRun	ruleId	6
WorkflowRun	trigger	327
WorkflowRun	action	706
WorkflowRun	status	2975
WorkflowRun	entityType	222
WorkflowRun	entityId	159
WorkflowRun	dedupeKey	81
WorkflowRun	attempt	29
WorkflowRun	errorMessage	75
WorkflowRun	metadata	123
WorkflowRun	startedAt	17
WorkflowRun	completedAt	46
WorkflowRun	tenant	1732
WorkflowRun	workflow	279
AutomationDefinition	id	8922
AutomationDefinition	tenantId	4863
AutomationDefinition	name	4672
AutomationDefinition	description	2284
AutomationDefinition	scopeType	153
AutomationDefinition	scopeId	91
AutomationDefinition	status	2975
AutomationDefinition	source	394
AutomationDefinition	executionMode	80
AutomationDefinition	suppressLegacyWorkflows	39
AutomationDefinition	version	122
AutomationDefinition	flowGraph	172
AutomationDefinition	createdById	188
AutomationDefinition	updatedById	2
AutomationDefinition	publishedAt	50
AutomationDefinition	createdAt	643
AutomationDefinition	updatedAt	216
AutomationDefinition	tenant	1732
AutomationDefinition	createdBy	27
AutomationDefinition	updatedBy	1
AutomationDefinition	triggers	196
AutomationDefinition	steps	294
AutomationDefinition	runs	131
AutomationDefinition	delayedRuns	0
AutomationDefinition	workItems	0
AutomationTrigger	id	8922
AutomationTrigger	automationId	42
AutomationTrigger	eventName	297
AutomationTrigger	conditionGroups	33
AutomationTrigger	delayMinutes	45
AutomationTrigger	createdAt	643
AutomationTrigger	updatedAt	216
AutomationTrigger	automation	534
AutomationTrigger	delayedRuns	0
AutomationStep	id	8922
AutomationStep	automationId	42
AutomationStep	stepOrder	6
AutomationStep	actionType	264
AutomationStep	actionConfig	310
AutomationStep	continueOnError	88
AutomationStep	createdAt	643
AutomationStep	updatedAt	216
AutomationStep	automation	534
AutomationStep	runSteps	16
AutomationEvent	id	8922
AutomationEvent	tenantId	4863
AutomationEvent	eventName	297
AutomationEvent	scopeType	153
AutomationEvent	scopeId	91
AutomationEvent	entityType	222
AutomationEvent	entityId	159
AutomationEvent	actorUserId	94
AutomationEvent	dedupeKey	81
AutomationEvent	status	2975
AutomationEvent	attempts	45
AutomationEvent	payload	560
AutomationEvent	errorMessage	75
AutomationEvent	occurredAt	14
AutomationEvent	lastAttemptAt	2
AutomationEvent	nextAttemptAt	16
AutomationEvent	processingStartedAt	10
AutomationEvent	processedAt	3
AutomationEvent	createdAt	643
AutomationEvent	updatedAt	216
AutomationEvent	tenant	1732
AutomationEvent	actor	7
AutomationEvent	runs	131
AutomationEvent	delayedRuns	0
AutomationRun	id	8922
AutomationRun	tenantId	4863
AutomationRun	automationId	42
AutomationRun	automationEventId	29
AutomationRun	status	2975
AutomationRun	executionMode	80
AutomationRun	eventName	297
AutomationRun	entityType	222
AutomationRun	entityId	159
AutomationRun	dedupeKey	81
AutomationRun	actorUserId	94
AutomationRun	triggerPayload	4
AutomationRun	flowGraphSnapshot	14
AutomationRun	stepOutput	48
AutomationRun	errorMessage	75
AutomationRun	startedAt	17
AutomationRun	completedAt	46
AutomationRun	tenant	1732
AutomationRun	automation	534
AutomationRun	event	490
AutomationRun	actor	7
AutomationRun	runSteps	16
AutomationRun	workItems	0
AutomationRun	transfers	123
AutomationRunStep	id	8922
AutomationRunStep	automationRunId	13
AutomationRunStep	automationStepId	15
AutomationRunStep	graphNodeId	30
AutomationRunStep	status	2975
AutomationRunStep	output	42
AutomationRunStep	errorMessage	75
AutomationRunStep	startedAt	17
AutomationRunStep	completedAt	46
AutomationRunStep	run	208
AutomationRunStep	step	210
AutomationDelayedRun	id	8922
AutomationDelayedRun	tenantId	4863
AutomationDelayedRun	automationEventId	29
AutomationDelayedRun	automationDefinitionId	7
AutomationDelayedRun	automationTriggerId	7
AutomationDelayedRun	fireAt	7
AutomationDelayedRun	status	2975
AutomationDelayedRun	errorMessage	75
AutomationDelayedRun	createdAt	643
AutomationDelayedRun	processedAt	3
AutomationDelayedRun	tenant	1732
AutomationDelayedRun	event	490
AutomationDelayedRun	automation	534
AutomationDelayedRun	trigger	327
WorkItem	id	8922
WorkItem	tenantId	4863
WorkItem	automationId	42
WorkItem	automationRunId	13
WorkItem	type	5892
WorkItem	status	2975
WorkItem	priority	203
WorkItem	title	1693
WorkItem	description	2284
WorkItem	dueDate	65
WorkItem	slaDueAt	0
WorkItem	assignedToId	220
WorkItem	createdById	188
WorkItem	completedAt	46
WorkItem	completedById	0
WorkItem	prefillPayload	3
WorkItem	metadata	123
WorkItem	createdAt	643
WorkItem	updatedAt	216
WorkItem	tenant	1732
WorkItem	automation	534
WorkItem	automationRun	7
WorkItem	assignedTo	30
WorkItem	createdBy	27
WorkItem	completedBy	0
WorkItem	links	150
WorkItemLink	id	8922
WorkItemLink	workItemId	1
WorkItemLink	entityType	222
WorkItemLink	entityId	159
WorkItemLink	inventorySignalId	2
WorkItemLink	createdAt	643
WorkItemLink	workItem	4
WorkItemLink	inventorySignal	4
Deal	id	8922
Deal	tenantId	4863
Deal	name	4672
Deal	value	3309
Deal	stage	351
Deal	probability	21
Deal	status	2975
Deal	expectedCloseDate	50
Deal	closedAt	38
Deal	lostReason	17
Deal	contactId	470
Deal	memberId	148
Deal	companyId	111
Deal	pipelineId	304
Deal	assignedToId	220
Deal	createdById	188
Deal	leadId	19
Deal	deletedAt	254
Deal	deletedBy	71
Deal	deleteReason	105
Deal	parentDealId	9
Deal	revisionNo	28
Deal	isLatest	65
Deal	editReason	38
Deal	editedById	7
Deal	editedAt	11
Deal	createdAt	643
Deal	updatedAt	216
Deal	tenant	1732
Deal	contact	803
Deal	member	508
Deal	company	206
Deal	pipeline	470
Deal	assignedTo	30
Deal	creator	27
Deal	editedBy	3
Deal	lead	305
Deal	parentDeal	0
Deal	revisions	0
Deal	tasks	122
Deal	activities	71
Deal	lineItems	22
Deal	remarketingSequences	0
DealLineItem	id	8922
DealLineItem	dealId	198
DealLineItem	productId	485
DealLineItem	variationId	514
DealLineItem	quantity	718
DealLineItem	unitPrice	148
DealLineItem	deal	775
DealLineItem	product	1686
DealLineItem	variation	468
Task	id	8922
Task	tenantId	4863
Task	title	1693
Task	dueDate	65
Task	completed	123
Task	status	2975
Task	priority	203
Task	contactId	470
Task	memberId	148
Task	dealId	198
Task	companyId	111
Task	assignedToId	220
Task	deletedAt	254
Task	deletedBy	71
Task	deleteReason	105
Task	createdAt	643
Task	updatedAt	216
Task	tenant	1732
Task	contact	803
Task	member	508
Task	deal	775
Task	company	206
Task	assignedTo	30
Activity	id	8922
Activity	tenantId	4863
Activity	type	5892
Activity	subject	85
Activity	notes	260
Activity	activityAt	39
Activity	contactId	470
Activity	memberId	148
Activity	dealId	198
Activity	createdById	188
Activity	deletedAt	254
Activity	deletedBy	71
Activity	deleteReason	105
Activity	createdAt	643
Activity	tenant	1732
Activity	contact	803
Activity	member	508
Activity	deal	775
Activity	creator	27
CrmSource	id	8922
CrmSource	tenantId	4863
CrmSource	name	4672
CrmSource	createdAt	643
CrmSource	updatedAt	216
CrmSource	tenant	1732
CrmJourneyType	id	8922
CrmJourneyType	tenantId	4863
CrmJourneyType	name	4672
CrmJourneyType	createdAt	643
CrmJourneyType	updatedAt	216
CrmJourneyType	tenant	1732
Notification	id	8922
Notification	userId	1018
Notification	type	5892
Notification	title	1693
Notification	message	2448
Notification	resourceType	36
Notification	resourceId	296
Notification	readAt	20
Notification	createdAt	643
Notification	user	1335
RemarketingSequence	id	8922
RemarketingSequence	tenantId	4863
RemarketingSequence	contactId	470
RemarketingSequence	dealId	198
RemarketingSequence	sequenceDay	7
RemarketingSequence	message	2448
RemarketingSequence	scheduledAt	7
RemarketingSequence	executedAt	2
RemarketingSequence	status	2975
RemarketingSequence	createdAt	643
RemarketingSequence	tenant	1732
RemarketingSequence	contact	803
RemarketingSequence	deal	775
MessagingChannel	id	8922
MessagingChannel	tenantId	4863
MessagingChannel	provider	98
MessagingChannel	name	4672
MessagingChannel	status	2975
MessagingChannel	externalId	49
MessagingChannel	credentialsEnc	16
MessagingChannel	webhookVerifyToken	28
MessagingChannel	metadata	123
MessagingChannel	connectedAt	5
MessagingChannel	disconnectedAt	3
MessagingChannel	createdAt	643
MessagingChannel	updatedAt	216
MessagingChannel	tenant	1732
MessagingChannel	conversations	52
Conversation	id	8922
Conversation	tenantId	4863
Conversation	channelId	41
Conversation	participantId	36
Conversation	participantName	12
Conversation	participantProfilePictureUrl	8
Conversation	contactId	470
Conversation	status	2975
Conversation	assignedToId	220
Conversation	lastMessageAt	18
Conversation	lastMessageText	14
Conversation	unreadCount	18
Conversation	createdAt	643
Conversation	updatedAt	216
Conversation	tenant	1732
Conversation	channel	93
Conversation	contact	803
Conversation	assignedTo	30
Conversation	messages	92
Message	id	8922
Message	conversationId	158
Message	direction	45
Message	status	2975
Message	contentType	69
Message	textContent	51
Message	mediaPayload	30
Message	mediaAssetId	31
Message	providerMessageId	16
Message	sentById	5
Message	errorDetails	1
Message	sentAt	8
Message	deliveredAt	7
Message	readAt	20
Message	createdAt	643
Message	editedAt	11
Message	replyToId	19
Message	conversation	111
Message	sentBy	7
Message	replyTo	22
Message	replies	3
Message	reactions	29
Message	mediaAsset	10
MessageReaction	id	8922
MessageReaction	messageId	108
MessageReaction	userId	1018
MessageReaction	externalParticipantId	9
MessageReaction	reactionOwnerKey	15
MessageReaction	emoji	157
MessageReaction	createdAt	643
MessageReaction	message	2448
MessageReaction	user	1335
Bundle	id	8922
Bundle	tenantId	4863
Bundle	name	4672
Bundle	slug	1154
Bundle	description	2284
Bundle	productIds	179
Bundle	pricingStrategy	55
Bundle	discountPct	62
Bundle	fixedPrice	43
Bundle	active	361
Bundle	createdAt	643
Bundle	updatedAt	216
Bundle	deletedAt	254
Bundle	tenant	1732
GiftCard	id	8922
GiftCard	tenantId	4863
GiftCard	code	871
GiftCard	amount	275
GiftCard	balance	104
GiftCard	purchaserId	17
GiftCard	recipientEmail	27
GiftCard	expiresAt	81
GiftCard	status	2975
GiftCard	createdAt	643
GiftCard	updatedAt	216
GiftCard	tenant	1732
WebhookEvent	id	8922
WebhookEvent	providerEventId	22
WebhookEvent	provider	98
WebhookEvent	eventType	24
WebhookEvent	processedAt	3
WebhookEvent	rawPayload	2
RbacRole	id	8922
RbacRole	tenantId	4863
RbacRole	name	4672
RbacRole	priority	203
RbacRole	permissions	455
RbacRole	isSystem	25
RbacRole	color	1122
RbacRole	createdAt	643
RbacRole	updatedAt	216
RbacRole	tenant	1732
RbacRole	users	265
RbacRole	overwrites	75
UserRole	userId	1018
UserRole	roleId	220
UserRole	tenantId	4863
UserRole	assignedAt	8
UserRole	assignedBy	2
UserRole	user	1335
UserRole	rbacRole	17
UserRole	tenant	1732
Resource	id	8922
Resource	tenantId	4863
Resource	type	5892
Resource	externalId	49
Resource	parentId	50
Resource	path	581
Resource	depth	83
Resource	createdAt	643
Resource	tenant	1732
Resource	parent	192
Resource	children	536
Resource	overwrites	75
PermissionOverwrite	id	8922
PermissionOverwrite	tenantId	4863
PermissionOverwrite	resourceId	296
PermissionOverwrite	subjectType	65
PermissionOverwrite	roleId	220
PermissionOverwrite	userId	1018
PermissionOverwrite	allow	145
PermissionOverwrite	deny	113
PermissionOverwrite	createdAt	643
PermissionOverwrite	updatedAt	216
PermissionOverwrite	tenant	1732
PermissionOverwrite	resource	190
PermissionOverwrite	rbacRole	17
PermissionOverwrite	user	1335
TenantBusinessProfile	id	8922
TenantBusinessProfile	tenantId	4863
TenantBusinessProfile	legalName	20
TenantBusinessProfile	displayName	31
TenantBusinessProfile	tagline	81
TenantBusinessProfile	logoUrl	36
TenantBusinessProfile	faviconUrl	32
TenantBusinessProfile	email	371
TenantBusinessProfile	phone	677
TenantBusinessProfile	alternatePhone	12
TenantBusinessProfile	websiteUrl	12
TenantBusinessProfile	addressLine1	15
TenantBusinessProfile	addressLine2	13
TenantBusinessProfile	city	15
TenantBusinessProfile	state	502
TenantBusinessProfile	postalCode	15
TenantBusinessProfile	country	49
TenantBusinessProfile	mapUrl	20
TenantBusinessProfile	panNumber	14
TenantBusinessProfile	vatNumber	14
TenantBusinessProfile	registrationNumber	15
TenantBusinessProfile	taxId	15
TenantBusinessProfile	defaultCurrency	16
TenantBusinessProfile	timezone	17
TenantBusinessProfile	socials	33
TenantBusinessProfile	createdAt	643
TenantBusinessProfile	updatedAt	216
TenantBusinessProfile	tenant	1732
